,current_stock,new_stock,demand,reward,capacity,storage_cost,selling_price,manufacturing_price,t,total_production_cost,total_revenue_generated
0,0.0,0.0,472.67851925036143,0.0,1000.0,1000.0,100.0,70.0,366.0,0.0,0.0
1,100.0,100.0,526.722792729261,-8000.0,1000.0,1000.0,100.0,70.0,366.0,7000.0,0.0
2,100.0,100.0,545.6016972409024,2000.0,1000.0,1000.0,100.0,70.0,366.0,7000.0,10000.0
3,100.0,100.0,446.4759386916726,2000.0,1000.0,1000.0,100.0,70.0,366.0,7000.0,10000.0
4,100.0,100.0,481.5864671102084,2000.0,1000.0,1000.0,100.0,70.0,366.0,7000.0,10000.0
5,100.0,100.0,483.60761788746413,2000.0,1000.0,1000.0,100.0,70.0,366.0,7000.0,10000.0
6,100.0,100.0,501.2607151566635,2000.0,1000.0,1000.0,100.0,70.0,366.0,7000.0,10000.0
7,100.0,100.0,519.9190885716631,2000.0,1000.0,1000.0,100.0,70.0,366.0,7000.0,10000.0
8,100.0,100.0,538.0051940145448,2000.0,1000.0,1000.0,100.0,70.0,366.0,7000.0,10000.0
9,100.0,100.0,556.6957579434716,2000.0,1000.0,1000.0,100.0,70.0,366.0,7000.0,10000.0
10,100.0,100.0,457.3085292928357,2000.0,1000.0,1000.0,100.0,70.0,366.0,7000.0,10000.0
11,100.0,100.0,492.0886854140585,2000.0,1000.0,1000.0,100.0,70.0,366.0,7000.0,10000.0
12,100.0,100.0,493.71637470348304,2000.0,1000.0,1000.0,100.0,70.0,366.0,7000.0,10000.0
13,100.0,100.0,510.9201510267561,2000.0,1000.0,1000.0,100.0,70.0,366.0,7000.0,10000.0
14,100.0,100.0,529.0817878180399,2000.0,1000.0,1000.0,100.0,70.0,366.0,7000.0,10000.0
15,100.0,100.0,546.6331686007396,2000.0,1000.0,1000.0,100.0,70.0,366.0,7000.0,10000.0
16,100.0,100.0,564.7611804950327,2000.0,1000.0,1000.0,100.0,70.0,366.0,7000.0,10000.0
17,100.0,100.0,464.7942018744299,2000.0,1000.0,1000.0,100.0,70.0,366.0,7000.0,10000.0
18,100.0,100.0,498.9882381365409,2000.0,1000.0,1000.0,100.0,70.0,366.0,7000.0,10000.0
19,100.0,100.0,500.0341956677714,2000.0,1000.0,1000.0,100.0,70.0,366.0,7000.0,10000.0
20,100.0,100.0,516.6710563249849,2000.0,1000.0,1000.0,100.0,70.0,366.0,7000.0,10000.0
21,100.0,100.0,534.2904470844792,2000.0,1000.0,1000.0,100.0,70.0,366.0,7000.0,10000.0
22,100.0,100.0,551.333307761815,2000.0,1000.0,1000.0,100.0,70.0,366.0,7000.0,10000.0
23,100.0,100.0,568.9945887319416,2000.0,1000.0,1000.0,100.0,70.0,366.0,7000.0,10000.0
24,100.0,100.0,468.60957427999375,2000.0,1000.0,1000.0,100.0,70.0,366.0,7000.0,10000.0
25,100.0,100.0,502.4398889734686,2000.0,1000.0,1000.0,100.0,70.0,366.0,7000.0,10000.0
26,100.0,100.0,503.18067949006877,2000.0,1000.0,1000.0,100.0,70.0,366.0,7000.0,10000.0
27,100.0,100.0,519.5737354398678,2000.0,1000.0,1000.0,100.0,70.0,366.0,7000.0,10000.0
28,100.0,100.0,537.0120439292367,2000.0,1000.0,1000.0,100.0,70.0,366.0,7000.0,10000.0
29,100.0,100.0,553.9364797633016,2000.0,1000.0,1000.0,100.0,70.0,366.0,7000.0,10000.0
30,100.0,100.0,571.5405611880138,2000.0,1000.0,1000.0,100.0,70.0,366.0,7000.0,10000.0
31,100.0,100.0,471.15686383170396,2000.0,1000.0,1000.0,100.0,70.0,366.0,7000.0,10000.0
32,100.0,100.0,505.0431464509654,2000.0,1000.0,1000.0,100.0,70.0,366.0,7000.0,10000.0
33,100.0,100.0,505.88967645747516,2000.0,1000.0,1000.0,100.0,70.0,366.0,7000.0,10000.0
34,100.0,100.0,522.4325137847624,2000.0,1000.0,1000.0,100.0,70.0,366.0,7000.0,10000.0
35,100.0,100.0,540.0582425177387,2000.0,1000.0,1000.0,100.0,70.0,366.0,7000.0,10000.0
36,100.0,100.0,557.200846678137,2000.0,1000.0,1000.0,100.0,70.0,366.0,7000.0,10000.0
37,100.0,100.0,575.0466545667572,2000.0,1000.0,1000.0,100.0,70.0,366.0,7000.0,10000.0
38,100.0,100.0,474.92093898540935,2000.0,1000.0,1000.0,100.0,70.0,366.0,7000.0,10000.0
39,100.0,100.0,509.07422193394063,2000.0,1000.0,1000.0,100.0,70.0,366.0,7000.0,10000.0
40,100.0,100.0,510.1897672113245,2000.0,1000.0,1000.0,100.0,70.0,366.0,7000.0,10000.0
41,100.0,100.0,526.9970155234396,2000.0,1000.0,1000.0,100.0,70.0,366.0,7000.0,10000.0
42,100.0,100.0,544.8764482447832,2000.0,1000.0,1000.0,100.0,70.0,366.0,7000.0,10000.0
43,100.0,100.0,562.2565737152541,2000.0,1000.0,1000.0,100.0,70.0,366.0,7000.0,10000.0
44,100.0,100.0,580.3189587566917,2000.0,1000.0,1000.0,100.0,70.0,366.0,7000.0,10000.0
45,100.0,100.0,480.3848918431763,2000.0,1000.0,1000.0,100.0,70.0,366.0,7000.0,10000.0
46,100.0,100.0,514.7017264324556,2000.0,1000.0,1000.0,100.0,70.0,366.0,7000.0,10000.0
47,100.0,100.0,515.9503885750444,2000.0,1000.0,1000.0,100.0,70.0,366.0,7000.0,10000.0
48,100.0,100.0,532.8588047970472,2000.0,1000.0,1000.0,100.0,70.0,366.0,7000.0,10000.0
49,100.0,100.0,550.8067384203194,2000.0,1000.0,1000.0,100.0,70.0,366.0,7000.0,10000.0
50,100.0,100.0,568.2227307323736,2000.0,1000.0,1000.0,100.0,70.0,366.0,7000.0,10000.0
51,100.0,100.0,586.2890726376919,2000.0,1000.0,1000.0,100.0,70.0,366.0,7000.0,10000.0
52,100.0,100.0,486.32839642450347,2000.0,1000.0,1000.0,100.0,70.0,366.0,7000.0,10000.0
53,100.0,100.0,520.5899395227801,2000.0,1000.0,1000.0,100.0,70.0,366.0,7000.0,10000.0
54,100.0,100.0,521.7569677219368,2000.0,1000.0,1000.0,100.0,70.0,366.0,7000.0,10000.0
55,100.0,100.0,538.5601171033755,2000.0,1000.0,1000.0,100.0,70.0,366.0,7000.0,10000.0
56,100.0,100.0,556.3821458503486,2000.0,1000.0,1000.0,100.0,70.0,366.0,7000.0,10000.0
57,100.0,100.0,573.6547950256698,2000.0,1000.0,1000.0,100.0,70.0,366.0,7000.0,10000.0
58,100.0,100.0,591.5636861767903,2000.0,1000.0,1000.0,100.0,70.0,366.0,7000.0,10000.0
59,100.0,100.0,491.4348471477087,2000.0,1000.0,1000.0,100.0,70.0,366.0,7000.0,10000.0
60,100.0,100.0,525.5209191554197,2000.0,1000.0,1000.0,100.0,70.0,366.0,7000.0,10000.0
61,100.0,100.0,526.5085332307827,2000.0,1000.0,1000.0,100.0,70.0,366.0,7000.0,10000.0
62,100.0,100.0,543.1316153198812,2000.0,1000.0,1000.0,100.0,70.0,366.0,7000.0,10000.0
63,100.0,100.0,560.7761107288211,2000.0,1000.0,1000.0,100.0,70.0,366.0,7000.0,10000.0
64,100.0,100.0,577.8768260036223,2000.0,1000.0,1000.0,100.0,70.0,366.0,7000.0,10000.0
65,100.0,100.0,595.6223146911508,2000.0,1000.0,1000.0,100.0,70.0,366.0,7000.0,10000.0
66,100.0,100.0,495.34139659720387,2000.0,1000.0,1000.0,100.0,70.0,366.0,7000.0,10000.0
67,100.0,100.0,529.2893615862865,2000.0,1000.0,1000.0,100.0,70.0,366.0,7000.0,10000.0
68,100.0,100.0,530.1553438818892,2000.0,1000.0,1000.0,100.0,70.0,366.0,7000.0,10000.0
69,100.0,100.0,546.6756239956447,2000.0,1000.0,1000.0,100.0,70.0,366.0,7000.0,10000.0
70,100.0,100.0,564.2383468944314,2000.0,1000.0,1000.0,100.0,70.0,366.0,7000.0,10000.0
71,100.0,100.0,581.2803526410019,2000.0,1000.0,1000.0,100.0,70.0,366.0,7000.0,10000.0
72,100.0,100.0,598.9920444024468,2000.0,1000.0,1000.0,100.0,70.0,366.0,7000.0,10000.0
73,100.0,100.0,498.70388230445025,2000.0,1000.0,1000.0,100.0,70.0,366.0,7000.0,10000.0
74,100.0,100.0,532.6725535234165,2000.0,1000.0,1000.0,100.0,70.0,366.0,7000.0,10000.0
75,100.0,100.0,533.5883044587516,2000.0,1000.0,1000.0,100.0,70.0,366.0,7000.0,10000.0
76,100.0,100.0,550.1881925845946,2000.0,1000.0,1000.0,100.0,70.0,366.0,7000.0,10000.0
77,100.0,100.0,567.860747641878,2000.0,1000.0,1000.0,100.0,70.0,366.0,7000.0,10000.0
78,100.0,100.0,585.0427400431923,2000.0,1000.0,1000.0,100.0,70.0,366.0,7000.0,10000.0
79,100.0,100.0,602.9239835529011,2000.0,1000.0,1000.0,100.0,70.0,366.0,7000.0,10000.0
80,100.0,100.0,502.8337633658191,2000.0,1000.0,1000.0,100.0,70.0,366.0,7000.0,10000.0
81,100.0,100.0,537.0269430185068,2000.0,1000.0,1000.0,100.0,70.0,366.0,7000.0,10000.0
82,100.0,100.0,538.1912392924256,2000.0,1000.0,1000.0,100.0,70.0,366.0,7000.0,10000.0
83,100.0,100.0,555.0604261927955,2000.0,1000.0,1000.0,100.0,70.0,366.0,7000.0,10000.0
84,100.0,100.0,573.0189611817517,2000.0,1000.0,1000.0,100.0,70.0,366.0,7000.0,10000.0
85,100.0,100.0,590.498734927656,2000.0,1000.0,1000.0,100.0,70.0,366.0,7000.0,10000.0
86,100.0,100.0,608.6838747782285,2000.0,1000.0,1000.0,100.0,70.0,366.0,7000.0,10000.0
87,100.0,100.0,508.89719580890056,2000.0,1000.0,1000.0,100.0,70.0,366.0,7000.0,10000.0
88,100.0,100.0,543.3863550747167,2000.0,1000.0,1000.0,100.0,70.0,366.0,7000.0,10000.0
89,100.0,100.0,544.8311997492104,2000.0,1000.0,1000.0,100.0,70.0,366.0,7000.0,10000.0
90,100.0,100.0,561.9570709970543,2000.0,1000.0,1000.0,100.0,70.0,366.0,7000.0,10000.0
91,100.0,100.0,580.1395566576452,2000.0,1000.0,1000.0,100.0,70.0,366.0,7000.0,10000.0
92,100.0,100.0,597.8013929951906,2000.0,1000.0,1000.0,100.0,70.0,366.0,7000.0,10000.0
93,100.0,100.0,616.1174437696317,2000.0,1000.0,1000.0,100.0,70.0,366.0,7000.0,10000.0
94,100.0,100.0,516.4013475930274,2000.0,1000.0,1000.0,100.0,70.0,366.0,7000.0,10000.0
95,100.0,100.0,550.8918853999085,2000.0,1000.0,1000.0,100.0,70.0,366.0,7000.0,10000.0
96,100.0,100.0,552.2605540842884,2000.0,1000.0,1000.0,100.0,70.0,366.0,7000.0,10000.0
97,100.0,100.0,569.2251027735297,2000.0,1000.0,1000.0,100.0,70.0,366.0,7000.0,10000.0
98,100.0,100.0,587.1545188273573,2000.0,1000.0,1000.0,100.0,70.0,366.0,7000.0,10000.0
99,100.0,100.0,604.4661573741623,2000.0,1000.0,1000.0,100.0,70.0,366.0,7000.0,10000.0
100,100.0,100.0,622.3309359060601,2000.0,1000.0,1000.0,100.0,70.0,366.0,7000.0,10000.0
101,100.0,100.0,522.0601780847004,2000.0,1000.0,1000.0,100.0,70.0,366.0,7000.0,10000.0
102,100.0,100.0,555.8921518844228,2000.0,1000.0,1000.0,100.0,70.0,366.0,7000.0,10000.0
103,100.0,100.0,556.4997817593447,2000.0,1000.0,1000.0,100.0,70.0,366.0,7000.0,10000.0
104,100.0,100.0,572.6042854762045,2000.0,1000.0,1000.0,100.0,70.0,366.0,7000.0,10000.0
105,100.0,100.0,589.5802176216225,2000.0,1000.0,1000.0,100.0,70.0,366.0,7000.0,10000.0
106,100.0,100.0,605.8526094479365,2000.0,1000.0,1000.0,100.0,70.0,366.0,7000.0,10000.0
107,100.0,100.0,622.6021235430355,2000.0,1000.0,1000.0,100.0,70.0,366.0,7000.0,10000.0
108,100.0,100.0,521.1518056761671,2000.0,1000.0,1000.0,100.0,70.0,366.0,7000.0,10000.0
109,100.0,100.0,553.7534785175865,2000.0,1000.0,1000.0,100.0,70.0,366.0,7000.0,10000.0
110,100.0,100.0,553.0952579184976,2000.0,1000.0,1000.0,100.0,70.0,366.0,7000.0,10000.0
111,100.0,100.0,567.914944855887,2000.0,1000.0,1000.0,100.0,70.0,366.0,7000.0,10000.0
112,100.0,100.0,583.6047789837357,2000.0,1000.0,1000.0,100.0,70.0,366.0,7000.0,10000.0
113,100.0,100.0,598.6082487899062,2000.0,1000.0,1000.0,100.0,70.0,366.0,7000.0,10000.0
114,100.0,100.0,614.1248834973832,2000.0,1000.0,1000.0,100.0,70.0,366.0,7000.0,10000.0
115,100.0,100.0,511.4966168922019,2000.0,1000.0,1000.0,100.0,70.0,366.0,7000.0,10000.0
116,100.0,100.0,542.9937766089156,2000.0,1000.0,1000.0,100.0,70.0,366.0,7000.0,10000.0
117,100.0,100.0,541.3221891854282,2000.0,1000.0,1000.0,100.0,70.0,366.0,7000.0,10000.0
118,100.0,100.0,555.2361641645656,2000.0,1000.0,1000.0,100.0,70.0,366.0,7000.0,10000.0
119,100.0,100.0,570.1428536473378,2000.0,1000.0,1000.0,100.0,70.0,366.0,7000.0,10000.0
120,100.0,100.0,584.4986927591234,2000.0,1000.0,1000.0,100.0,70.0,366.0,7000.0,10000.0
121,100.0,100.0,599.5138563445732,2000.0,1000.0,1000.0,100.0,70.0,366.0,7000.0,10000.0
122,100.0,100.0,496.5383316752015,2000.0,1000.0,1000.0,100.0,70.0,366.0,7000.0,10000.0
123,100.0,100.0,527.8476694340067,2000.0,1000.0,1000.0,100.0,70.0,366.0,7000.0,10000.0
124,100.0,100.0,526.1499108993988,2000.0,1000.0,1000.0,100.0,70.0,366.0,7000.0,10000.0
125,100.0,100.0,540.1984608412597,2000.0,1000.0,1000.0,100.0,70.0,366.0,7000.0,10000.0
126,100.0,100.0,555.3964071814141,2000.0,1000.0,1000.0,100.0,70.0,366.0,7000.0,10000.0
127,100.0,100.0,570.1929957825738,2000.0,1000.0,1000.0,100.0,70.0,366.0,7000.0,10000.0
128,100.0,100.0,585.788196685973,2000.0,1000.0,1000.0,100.0,70.0,366.0,7000.0,10000.0
129,100.0,100.0,483.51896063970577,2000.0,1000.0,1000.0,100.0,70.0,366.0,7000.0,10000.0
130,100.0,100.0,515.6452252448781,2000.0,1000.0,1000.0,100.0,70.0,366.0,7000.0,10000.0
131,100.0,100.0,514.8571637558562,2000.0,1000.0,1000.0,100.0,70.0,366.0,7000.0,10000.0
132,100.0,100.0,529.8884392854961,2000.0,1000.0,1000.0,100.0,70.0,366.0,7000.0,10000.0
133,100.0,100.0,546.1209569840892,2000.0,1000.0,1000.0,100.0,70.0,366.0,7000.0,10000.0
134,100.0,100.0,561.981812530415,2000.0,1000.0,1000.0,100.0,70.0,366.0,7000.0,10000.0
135,100.0,100.0,578.6483619317239,2000.0,1000.0,1000.0,100.0,70.0,366.0,7000.0,10000.0
136,100.0,100.0,477.43499913186787,2000.0,1000.0,1000.0,100.0,70.0,366.0,7000.0,10000.0
137,100.0,100.0,510.57968771183374,2000.0,1000.0,1000.0,100.0,70.0,366.0,7000.0,10000.0
138,100.0,100.0,510.7517263039072,2000.0,1000.0,1000.0,100.0,70.0,366.0,7000.0,10000.0
139,100.0,100.0,526.6654970618332,2000.0,1000.0,1000.0,100.0,70.0,366.0,7000.0,10000.0
140,100.0,100.0,543.6856766988097,2000.0,1000.0,1000.0,100.0,70.0,366.0,7000.0,10000.0
141,100.0,100.0,560.2245960905025,2000.0,1000.0,1000.0,100.0,70.0,366.0,7000.0,10000.0
142,100.0,100.0,577.4476621905161,2000.0,1000.0,1000.0,100.0,70.0,366.0,7000.0,10000.0
143,100.0,100.0,476.6604188806736,2000.0,1000.0,1000.0,100.0,70.0,366.0,7000.0,10000.0
144,100.0,100.0,510.09528486830646,2000.0,1000.0,1000.0,100.0,70.0,366.0,7000.0,10000.0
145,100.0,100.0,510.4194420184915,2000.0,1000.0,1000.0,100.0,70.0,366.0,7000.0,10000.0
146,100.0,100.0,526.3486193727398,2000.0,1000.0,1000.0,100.0,70.0,366.0,7000.0,10000.0
147,100.0,100.0,543.2522505634967,2000.0,1000.0,1000.0,100.0,70.0,366.0,7000.0,10000.0
148,100.0,100.0,559.550691202559,2000.0,1000.0,1000.0,100.0,70.0,366.0,7000.0,10000.0
149,100.0,100.0,576.420412955932,2000.0,1000.0,1000.0,100.0,70.0,366.0,7000.0,10000.0
150,100.0,100.0,475.18075625597214,2000.0,1000.0,1000.0,100.0,70.0,366.0,7000.0,10000.0
151,100.0,100.0,508.08028732187324,2000.0,1000.0,1000.0,100.0,70.0,366.0,7000.0,10000.0
152,100.0,100.0,507.8042425072862,2000.0,1000.0,1000.0,100.0,70.0,366.0,7000.0,10000.0
153,100.0,100.0,523.0878166815877,2000.0,1000.0,1000.0,100.0,70.0,366.0,7000.0,10000.0
154,100.0,100.0,539.3207863566654,2000.0,1000.0,1000.0,100.0,70.0,366.0,7000.0,10000.0
155,100.0,100.0,554.944168339272,2000.0,1000.0,1000.0,100.0,70.0,366.0,7000.0,10000.0
156,100.0,100.0,571.1548456532803,2000.0,1000.0,1000.0,100.0,70.0,366.0,7000.0,10000.0
157,100.0,100.0,469.29175814779353,2000.0,1000.0,1000.0,100.0,70.0,366.0,7000.0,10000.0
158,100.0,100.0,501.62171892792423,2000.0,1000.0,1000.0,100.0,70.0,366.0,7000.0,10000.0
159,100.0,100.0,500.8463546698536,2000.0,1000.0,1000.0,100.0,70.0,366.0,7000.0,10000.0
160,100.0,100.0,515.7149407380123,2000.0,1000.0,1000.0,100.0,70.0,366.0,7000.0,10000.0
161,100.0,100.0,531.628634769758,2000.0,1000.0,1000.0,100.0,70.0,366.0,7000.0,10000.0
162,100.0,100.0,547.0368208493767,2000.0,1000.0,1000.0,100.0,70.0,366.0,7000.0,10000.0
163,100.0,100.0,563.1415054029463,2000.0,1000.0,1000.0,100.0,70.0,366.0,7000.0,10000.0
164,100.0,100.0,461.2833693655099,2000.0,1000.0,1000.0,100.0,70.0,366.0,7000.0,10000.0
165,100.0,100.0,493.72754244686524,2000.0,1000.0,1000.0,100.0,70.0,366.0,7000.0,10000.0
166,100.0,100.0,493.17059959746604,2000.0,1000.0,1000.0,100.0,70.0,366.0,7000.0,10000.0
167,100.0,100.0,508.3535499312525,2000.0,1000.0,1000.0,100.0,70.0,366.0,7000.0,10000.0
168,100.0,100.0,524.6663183636978,2000.0,1000.0,1000.0,100.0,70.0,366.0,7000.0,10000.0
169,100.0,100.0,540.5444260137391,2000.0,1000.0,1000.0,100.0,70.0,366.0,7000.0,10000.0
170,100.0,100.0,557.1738018789854,2000.0,1000.0,1000.0,100.0,70.0,366.0,7000.0,10000.0
171,100.0,100.0,455.8773193916057,2000.0,1000.0,1000.0,100.0,70.0,366.0,7000.0,10000.0
172,100.0,100.0,488.901110665204,2000.0,1000.0,1000.0,100.0,70.0,366.0,7000.0,10000.0
173,100.0,100.0,488.92214380532903,2000.0,1000.0,1000.0,100.0,70.0,366.0,7000.0,10000.0
174,100.0,100.0,504.6618174646758,2000.0,1000.0,1000.0,100.0,70.0,366.0,7000.0,10000.0
175,100.0,100.0,521.4910559269895,2000.0,1000.0,1000.0,100.0,70.0,366.0,7000.0,10000.0
176,100.0,100.0,537.8275933323072,2000.0,1000.0,1000.0,100.0,70.0,366.0,7000.0,10000.0
177,100.0,100.0,554.8413621602363,2000.0,1000.0,1000.0,100.0,70.0,366.0,7000.0,10000.0
178,100.0,100.0,453.84156268845817,2000.0,1000.0,1000.0,100.0,70.0,366.0,7000.0,10000.0
179,100.0,100.0,487.06345033263557,2000.0,1000.0,1000.0,100.0,70.0,366.0,7000.0,10000.0
180,100.0,100.0,487.1763117881703,2000.0,1000.0,1000.0,100.0,70.0,366.0,7000.0,10000.0
181,100.0,100.0,502.89737154953514,2000.0,1000.0,1000.0,100.0,70.0,366.0,7000.0,10000.0
182,100.0,100.0,519.5971017305764,2000.0,1000.0,1000.0,100.0,70.0,366.0,7000.0,10000.0
183,100.0,100.0,535.6966159860146,2000.0,1000.0,1000.0,100.0,70.0,366.0,7000.0,10000.0
184,100.0,100.0,552.3730576400893,2000.0,1000.0,1000.0,100.0,70.0,366.0,7000.0,10000.0
185,100.0,100.0,450.9465567056982,2000.0,1000.0,1000.0,100.0,70.0,366.0,7000.0,10000.0
186,100.0,100.0,483.6667937521304,2000.0,1000.0,1000.0,100.0,70.0,366.0,7000.0,10000.0
187,100.0,100.0,483.22064566945426,2000.0,1000.0,1000.0,100.0,70.0,366.0,7000.0,10000.0
188,100.0,100.0,498.3456620670414,2000.0,1000.0,1000.0,100.0,70.0,366.0,7000.0,10000.0
189,100.0,100.0,514.4348552448455,2000.0,1000.0,1000.0,100.0,70.0,366.0,7000.0,10000.0
190,100.0,100.0,529.9334971977264,2000.0,1000.0,1000.0,100.0,70.0,366.0,7000.0,10000.0
191,100.0,100.0,546.0438487262237,2000.0,1000.0,1000.0,100.0,70.0,366.0,7000.0,10000.0
192,100.0,100.0,444.11141227232116,2000.0,1000.0,1000.0,100.0,70.0,366.0,7000.0,10000.0
193,100.0,100.0,476.41076486472775,2000.0,1000.0,1000.0,100.0,70.0,366.0,7000.0,10000.0
194,100.0,100.0,475.65246570487534,2000.0,1000.0,1000.0,100.0,70.0,366.0,7000.0,10000.0
195,100.0,100.0,490.5958071199928,2000.0,1000.0,1000.0,100.0,70.0,366.0,7000.0,10000.0
196,100.0,100.0,506.6529118131457,2000.0,1000.0,1000.0,100.0,70.0,366.0,7000.0,10000.0
197,100.0,100.0,522.2848892990056,2000.0,1000.0,1000.0,100.0,70.0,366.0,7000.0,10000.0
198,100.0,100.0,538.7059949635395,2000.0,1000.0,1000.0,100.0,70.0,366.0,7000.0,10000.0
199,100.0,100.0,437.26940012502797,2000.0,1000.0,1000.0,100.0,70.0,366.0,7000.0,10000.0
200,100.0,100.0,470.25264420556795,2000.0,1000.0,1000.0,100.0,70.0,366.0,7000.0,10000.0
201,100.0,100.0,470.36427577600864,2000.0,1000.0,1000.0,100.0,70.0,366.0,7000.0,10000.0
202,100.0,100.0,486.3564606112195,2000.0,1000.0,1000.0,100.0,70.0,366.0,7000.0,10000.0
203,100.0,100.0,503.62906596901234,2000.0,1000.0,1000.0,100.0,70.0,366.0,7000.0,10000.0
204,100.0,100.0,520.6259369526429,2000.0,1000.0,1000.0,100.0,70.0,366.0,7000.0,10000.0
205,100.0,100.0,538.5393079133069,2000.0,1000.0,1000.0,100.0,70.0,366.0,7000.0,10000.0
206,100.0,100.0,438.6959533297085,2000.0,1000.0,1000.0,100.0,70.0,366.0,7000.0,10000.0
207,100.0,100.0,473.3431419215596,2000.0,1000.0,1000.0,100.0,70.0,366.0,7000.0,10000.0
208,100.0,100.0,475.155890158048,2000.0,1000.0,1000.0,100.0,70.0,366.0,7000.0,10000.0
209,100.0,100.0,492.85027969271505,2000.0,1000.0,1000.0,100.0,70.0,366.0,7000.0,10000.0
210,100.0,100.0,511.788331647704,2000.0,1000.0,1000.0,100.0,70.0,366.0,7000.0,10000.0
211,100.0,100.0,530.3751350246976,2000.0,1000.0,1000.0,100.0,70.0,366.0,7000.0,10000.0
212,100.0,100.0,549.7641517995476,2000.0,1000.0,1000.0,100.0,70.0,366.0,7000.0,10000.0
213,100.0,100.0,451.24428142226907,2000.0,1000.0,1000.0,100.0,70.0,366.0,7000.0,10000.0
214,100.0,100.0,487.0267259970492,2000.0,1000.0,1000.0,100.0,70.0,366.0,7000.0,10000.0
215,100.0,100.0,489.7531296421861,2000.0,1000.0,1000.0,100.0,70.0,366.0,7000.0,10000.0
216,100.0,100.0,508.1097342896883,2000.0,1000.0,1000.0,100.0,70.0,366.0,7000.0,10000.0
217,100.0,100.0,527.4330235461135,2000.0,1000.0,1000.0,100.0,70.0,366.0,7000.0,10000.0
218,100.0,100.0,546.1075321262801,2000.0,1000.0,1000.0,100.0,70.0,366.0,7000.0,10000.0
219,100.0,100.0,565.2717256846574,2000.0,1000.0,1000.0,100.0,70.0,366.0,7000.0,10000.0
220,100.0,100.0,466.20551855255826,2000.0,1000.0,1000.0,100.0,70.0,366.0,7000.0,10000.0
221,100.0,100.0,501.11745835779845,2000.0,1000.0,1000.0,100.0,70.0,366.0,7000.0,10000.0
222,100.0,100.0,502.6530419694624,2000.0,1000.0,1000.0,100.0,70.0,366.0,7000.0,10000.0
223,100.0,100.0,519.5088994697843,2000.0,1000.0,1000.0,100.0,70.0,366.0,7000.0,10000.0
224,100.0,100.0,537.0383158634856,2000.0,1000.0,1000.0,100.0,70.0,366.0,7000.0,10000.0
225,100.0,100.0,553.648769843356,2000.0,1000.0,1000.0,100.0,70.0,366.0,7000.0,10000.0
226,100.0,100.0,570.5073999190264,2000.0,1000.0,1000.0,100.0,70.0,366.0,7000.0,10000.0
227,100.0,100.0,468.9279744640804,2000.0,1000.0,1000.0,100.0,70.0,366.0,7000.0,10000.0
228,100.0,100.0,501.1574070269678,2000.0,1000.0,1000.0,100.0,70.0,366.0,7000.0,10000.0
229,100.0,100.0,499.883296762323,2000.0,1000.0,1000.0,100.0,70.0,366.0,7000.0,10000.0
230,100.0,100.0,513.8472487239219,2000.0,1000.0,1000.0,100.0,70.0,366.0,7000.0,10000.0
231,100.0,100.0,528.449463980931,2000.0,1000.0,1000.0,100.0,70.0,366.0,7000.0,10000.0
232,100.0,100.0,542.1453007880148,2000.0,1000.0,1000.0,100.0,70.0,366.0,7000.0,10000.0
233,100.0,100.0,556.1497401839748,2000.0,1000.0,1000.0,100.0,70.0,366.0,7000.0,10000.0
234,100.0,100.0,451.82335616322564,2000.0,1000.0,1000.0,100.0,70.0,366.0,7000.0,10000.0
235,100.0,100.0,481.4578553320264,2000.0,1000.0,1000.0,100.0,70.0,366.0,7000.0,10000.0
236,100.0,100.0,477.7826888213856,2000.0,1000.0,1000.0,100.0,70.0,366.0,7000.0,10000.0
237,100.0,100.0,489.577512906727,2000.0,1000.0,1000.0,100.0,70.0,366.0,7000.0,10000.0
238,100.0,100.0,502.2760082465646,2000.0,1000.0,1000.0,100.0,70.0,366.0,7000.0,10000.0
239,100.0,100.0,514.3617766766143,2000.0,1000.0,1000.0,100.0,70.0,366.0,7000.0,10000.0
240,100.0,100.0,527.0722639495314,2000.0,1000.0,1000.0,100.0,70.0,366.0,7000.0,10000.0
241,100.0,100.0,421.78432053310695,2000.0,1000.0,1000.0,100.0,70.0,366.0,7000.0,10000.0
242,100.0,100.0,450.79947400992484,2000.0,1000.0,1000.0,100.0,70.0,366.0,7000.0,10000.0
243,100.0,100.0,446.8504209506409,2000.0,1000.0,1000.0,100.0,70.0,366.0,7000.0,10000.0
244,100.0,100.0,458.7135161713767,2000.0,1000.0,1000.0,100.0,70.0,366.0,7000.0,10000.0
245,100.0,100.0,471.81276709680446,2000.0,1000.0,1000.0,100.0,70.0,366.0,7000.0,10000.0
246,100.0,100.0,484.6160464093075,2000.0,1000.0,1000.0,100.0,70.0,366.0,7000.0,10000.0
247,100.0,100.0,498.33946222126326,2000.0,1000.0,1000.0,100.0,70.0,366.0,7000.0,10000.0
248,100.0,100.0,394.33348560150694,2000.0,1000.0,1000.0,100.0,70.0,366.0,7000.0,10000.0
249,100.0,100.0,424.86889391459545,2000.0,1000.0,1000.0,100.0,70.0,366.0,7000.0,10000.0
250,100.0,100.0,422.6440203862991,2000.0,1000.0,1000.0,100.0,70.0,366.0,7000.0,10000.0
251,100.0,100.0,436.39806841357307,2000.0,1000.0,1000.0,100.0,70.0,366.0,7000.0,10000.0
252,100.0,100.0,451.5159775519159,2000.0,1000.0,1000.0,100.0,70.0,366.0,7000.0,10000.0
253,100.0,100.0,466.425532705003,2000.0,1000.0,1000.0,100.0,70.0,366.0,7000.0,10000.0
254,100.0,100.0,482.3026337931488,2000.0,1000.0,1000.0,100.0,70.0,366.0,7000.0,10000.0
255,100.0,100.0,380.4583040288604,2000.0,1000.0,1000.0,100.0,70.0,366.0,7000.0,10000.0
256,100.0,100.0,413.1254743792348,2000.0,1000.0,1000.0,100.0,70.0,366.0,7000.0,10000.0
257,100.0,100.0,412.96701505856043,2000.0,1000.0,1000.0,100.0,70.0,366.0,7000.0,10000.0
258,100.0,100.0,428.68975484110047,2000.0,1000.0,1000.0,100.0,70.0,366.0,7000.0,10000.0
259,100.0,100.0,445.64995962007345,2000.0,1000.0,1000.0,100.0,70.0,366.0,7000.0,10000.0
260,100.0,100.0,462.25094885688145,2000.0,1000.0,1000.0,100.0,70.0,366.0,7000.0,10000.0
261,100.0,100.0,479.6487572001061,2000.0,1000.0,1000.0,100.0,70.0,366.0,7000.0,10000.0
262,100.0,100.0,379.13941253956085,2000.0,1000.0,1000.0,100.0,70.0,366.0,7000.0,10000.0
263,100.0,100.0,412.9458644288545,2000.0,1000.0,1000.0,100.0,70.0,366.0,7000.0,10000.0
264,100.0,100.0,413.7260333728214,2000.0,1000.0,1000.0,100.0,70.0,366.0,7000.0,10000.0
265,100.0,100.0,430.1867246430747,2000.0,1000.0,1000.0,100.0,70.0,366.0,7000.0,10000.0
266,100.0,100.0,447.68888403249707,2000.0,1000.0,1000.0,100.0,70.0,366.0,7000.0,10000.0
267,100.0,100.0,464.64488305294117,2000.0,1000.0,1000.0,100.0,70.0,366.0,7000.0,10000.0
268,100.0,100.0,482.22375233744856,2000.0,1000.0,1000.0,100.0,70.0,366.0,7000.0,10000.0
269,100.0,100.0,381.7379482290033,2000.0,1000.0,1000.0,100.0,70.0,366.0,7000.0,10000.0
270,100.0,100.0,415.4297020635814,2000.0,1000.0,1000.0,100.0,70.0,366.0,7000.0,10000.0
271,100.0,100.0,415.9784396167163,2000.0,1000.0,1000.0,100.0,70.0,366.0,7000.0,10000.0
272,100.0,100.0,432.1140322669326,2000.0,1000.0,1000.0,100.0,70.0,366.0,7000.0,10000.0
273,100.0,100.0,449.221375607207,2000.0,1000.0,1000.0,100.0,70.0,366.0,7000.0,10000.0
274,100.0,100.0,465.7370012537968,2000.0,1000.0,1000.0,100.0,70.0,366.0,7000.0,10000.0
275,100.0,100.0,482.85365829862513,2000.0,1000.0,1000.0,100.0,70.0,366.0,7000.0,10000.0
276,100.0,100.0,381.9064660496018,2000.0,1000.0,1000.0,100.0,70.0,366.0,7000.0,10000.0
277,100.0,100.0,415.1587027793176,2000.0,1000.0,1000.0,100.0,70.0,366.0,7000.0,10000.0
278,100.0,100.0,415.30873131750354,2000.0,1000.0,1000.0,100.0,70.0,366.0,7000.0,10000.0
279,100.0,100.0,431.10283426748856,2000.0,1000.0,1000.0,100.0,70.0,366.0,7000.0,10000.0
280,100.0,100.0,447.9394633705244,2000.0,1000.0,1000.0,100.0,70.0,366.0,7000.0,10000.0
281,100.0,100.0,464.26561496608207,2000.0,1000.0,1000.0,100.0,70.0,366.0,7000.0,10000.0
282,100.0,100.0,481.2812714656604,2000.0,1000.0,1000.0,100.0,70.0,366.0,7000.0,10000.0
283,100.0,100.0,380.3255112089693,2000.0,1000.0,1000.0,100.0,70.0,366.0,7000.0,10000.0
284,100.0,100.0,413.6623494259612,2000.0,1000.0,1000.0,100.0,70.0,366.0,7000.0,10000.0
285,100.0,100.0,413.9878065497607,2000.0,1000.0,1000.0,100.0,70.0,366.0,7000.0,10000.0
286,100.0,100.0,430.04296965692447,2000.0,1000.0,1000.0,100.0,70.0,366.0,7000.0,10000.0
287,100.0,100.0,447.21854238802354,2000.0,1000.0,1000.0,100.0,70.0,366.0,7000.0,10000.0
288,100.0,100.0,463.9515842699415,2000.0,1000.0,1000.0,100.0,70.0,366.0,7000.0,10000.0
289,100.0,100.0,481.4303668291962,2000.0,1000.0,1000.0,100.0,70.0,366.0,7000.0,10000.0
290,100.0,100.0,380.98093520227053,2000.0,1000.0,1000.0,100.0,70.0,366.0,7000.0,10000.0
291,100.0,100.0,414.85342361671576,2000.0,1000.0,1000.0,100.0,70.0,366.0,7000.0,10000.0
292,100.0,100.0,415.72960633714763,2000.0,1000.0,1000.0,100.0,70.0,366.0,7000.0,10000.0
293,100.0,100.0,432.33643535362137,2000.0,1000.0,1000.0,100.0,70.0,366.0,7000.0,10000.0
294,100.0,100.0,450.05104621011947,2000.0,1000.0,1000.0,100.0,70.0,366.0,7000.0,10000.0
295,100.0,100.0,467.29791989161504,2000.0,1000.0,1000.0,100.0,70.0,366.0,7000.0,10000.0
296,100.0,100.0,485.2541164404804,2000.0,1000.0,1000.0,100.0,70.0,366.0,7000.0,10000.0
297,100.0,100.0,385.2361589099864,2000.0,1000.0,1000.0,100.0,70.0,366.0,7000.0,10000.0
298,100.0,100.0,419.48660778218226,2000.0,1000.0,1000.0,100.0,70.0,366.0,7000.0,10000.0
299,100.0,100.0,420.681801285729,2000.0,1000.0,1000.0,100.0,70.0,366.0,7000.0,10000.0
300,100.0,100.0,437.54550891104145,2000.0,1000.0,1000.0,100.0,70.0,366.0,7000.0,10000.0
301,100.0,100.0,455.45397785219,2000.0,1000.0,1000.0,100.0,70.0,366.0,7000.0,10000.0
302,100.0,100.0,472.8330608717263,2000.0,1000.0,1000.0,100.0,70.0,366.0,7000.0,10000.0
303,100.0,100.0,490.8633440841828,2000.0,1000.0,1000.0,100.0,70.0,366.0,7000.0,10000.0
304,100.0,100.0,390.86685816988376,2000.0,1000.0,1000.0,100.0,70.0,366.0,7000.0,10000.0
305,100.0,100.0,425.0934199692776,2000.0,1000.0,1000.0,100.0,70.0,366.0,7000.0,10000.0
306,100.0,100.0,426.22808838486276,2000.0,1000.0,1000.0,100.0,70.0,366.0,7000.0,10000.0
307,100.0,100.0,443.00449177518675,2000.0,1000.0,1000.0,100.0,70.0,366.0,7000.0,10000.0
308,100.0,100.0,460.8095175289469,2000.0,1000.0,1000.0,100.0,70.0,366.0,7000.0,10000.0
309,100.0,100.0,478.0800640090703,2000.0,1000.0,1000.0,100.0,70.0,366.0,7000.0,10000.0
310,100.0,100.0,496.007785420291,2000.0,1000.0,1000.0,100.0,70.0,366.0,7000.0,10000.0
311,100.0,100.0,395.92542518121013,2000.0,1000.0,1000.0,100.0,70.0,366.0,7000.0,10000.0
312,100.0,100.0,430.0927964614432,2000.0,1000.0,1000.0,100.0,70.0,366.0,7000.0,10000.0
313,100.0,100.0,431.2039048231945,2000.0,1000.0,1000.0,100.0,70.0,366.0,7000.0,10000.0
314,100.0,100.0,447.99998015311047,2000.0,1000.0,1000.0,100.0,70.0,366.0,7000.0,10000.0
315,100.0,100.0,465.87391726335954,2000.0,1000.0,1000.0,100.0,70.0,366.0,7000.0,10000.0
316,100.0,100.0,483.26683251617914,2000.0,1000.0,1000.0,100.0,70.0,366.0,7000.0,10000.0
317,100.0,100.0,501.3726724413407,2000.0,1000.0,1000.0,100.0,70.0,366.0,7000.0,10000.0
318,100.0,100.0,401.5244734919085,2000.0,1000.0,1000.0,100.0,70.0,366.0,7000.0,10000.0
319,100.0,100.0,435.98033318737856,2000.0,1000.0,1000.0,100.0,70.0,366.0,7000.0,10000.0
320,100.0,100.0,437.4305872292231,2000.0,1000.0,1000.0,100.0,70.0,366.0,7000.0,10000.0
321,100.0,100.0,454.610957454599,2000.0,1000.0,1000.0,100.0,70.0,366.0,7000.0,10000.0
322,100.0,100.0,472.9071658679444,2000.0,1000.0,1000.0,100.0,70.0,366.0,7000.0,10000.0
323,100.0,100.0,490.75171625088876,2000.0,1000.0,1000.0,100.0,70.0,366.0,7000.0,10000.0
324,100.0,100.0,509.3287719883945,2000.0,1000.0,1000.0,100.0,70.0,366.0,7000.0,10000.0
325,100.0,100.0,409.96072063445666,2000.0,1000.0,1000.0,100.0,70.0,366.0,7000.0,10000.0
326,100.0,100.0,444.8944758879035,2000.0,1000.0,1000.0,100.0,70.0,366.0,7000.0,10000.0
327,100.0,100.0,446.80900125273985,2000.0,1000.0,1000.0,100.0,70.0,366.0,7000.0,10000.0
328,100.0,100.0,464.4288096028381,2000.0,1000.0,1000.0,100.0,70.0,366.0,7000.0,10000.0
329,100.0,100.0,483.12892315349467,2000.0,1000.0,1000.0,100.0,70.0,366.0,7000.0,10000.0
330,100.0,100.0,501.3319848942083,2000.0,1000.0,1000.0,100.0,70.0,366.0,7000.0,10000.0
331,100.0,100.0,520.2134402292313,2000.0,1000.0,1000.0,100.0,70.0,366.0,7000.0,10000.0
332,100.0,100.0,421.0883703380746,2000.0,1000.0,1000.0,100.0,70.0,366.0,7000.0,10000.0
333,100.0,100.0,456.1980200185857,2000.0,1000.0,1000.0,100.0,70.0,366.0,7000.0,10000.0
334,100.0,100.0,458.2174977433422,2000.0,1000.0,1000.0,100.0,70.0,366.0,7000.0,10000.0
335,100.0,100.0,475.86939711328785,2000.0,1000.0,1000.0,100.0,70.0,366.0,7000.0,10000.0
336,100.0,100.0,494.52882084891615,2000.0,1000.0,1000.0,100.0,70.0,366.0,7000.0,10000.0
337,100.0,100.0,512.6204967486931,2000.0,1000.0,1000.0,100.0,70.0,366.0,7000.0,10000.0
338,100.0,100.0,531.3239045141851,2000.0,1000.0,1000.0,100.0,70.0,366.0,7000.0,10000.0
339,100.0,100.0,431.95999685836097,2000.0,1000.0,1000.0,100.0,70.0,366.0,7000.0,10000.0
340,100.0,100.0,466.7775612468868,2000.0,1000.0,1000.0,100.0,70.0,366.0,7000.0,10000.0
341,100.0,100.0,468.46070514627945,2000.0,1000.0,1000.0,100.0,70.0,366.0,7000.0,10000.0
342,100.0,100.0,485.742220502841,2000.0,1000.0,1000.0,100.0,70.0,366.0,7000.0,10000.0
343,100.0,100.0,504.0083163185104,2000.0,1000.0,1000.0,100.0,70.0,366.0,7000.0,10000.0
344,100.0,100.0,521.6954174230732,2000.0,1000.0,1000.0,100.0,70.0,366.0,7000.0,10000.0
345,100.0,100.0,539.9949577106316,2000.0,1000.0,1000.0,100.0,70.0,366.0,7000.0,10000.0
346,100.0,100.0,440.23976100995446,2000.0,1000.0,1000.0,100.0,70.0,366.0,7000.0,10000.0
347,100.0,100.0,474.69006583403547,2000.0,1000.0,1000.0,100.0,70.0,366.0,7000.0,10000.0
348,100.0,100.0,476.0406865809871,2000.0,1000.0,1000.0,100.0,70.0,366.0,7000.0,10000.0
349,100.0,100.0,493.0340761630086,2000.0,1000.0,1000.0,100.0,70.0,366.0,7000.0,10000.0
350,100.0,100.0,511.06478746354725,2000.0,1000.0,1000.0,100.0,70.0,366.0,7000.0,10000.0
351,100.0,100.0,528.5760392943499,2000.0,1000.0,1000.0,100.0,70.0,366.0,7000.0,10000.0
352,100.0,100.0,546.7643215147998,2000.0,1000.0,1000.0,100.0,70.0,366.0,7000.0,10000.0
353,100.0,100.0,446.9656375464593,2000.0,1000.0,1000.0,100.0,70.0,366.0,7000.0,10000.0
354,100.0,100.0,481.4414441019625,2000.0,1000.0,1000.0,100.0,70.0,366.0,7000.0,10000.0
355,100.0,100.0,482.88578271641154,2000.0,1000.0,1000.0,100.0,70.0,366.0,7000.0,10000.0
356,100.0,100.0,500.03836847263176,2000.0,1000.0,1000.0,100.0,70.0,366.0,7000.0,10000.0
357,100.0,100.0,518.2891321326501,2000.0,1000.0,1000.0,100.0,70.0,366.0,7000.0,10000.0
358,100.0,100.0,536.0749186117866,2000.0,1000.0,1000.0,100.0,70.0,366.0,7000.0,10000.0
359,100.0,100.0,554.5842722826254,2000.0,1000.0,1000.0,100.0,70.0,366.0,7000.0,10000.0
360,100.0,100.0,455.1439018518971,2000.0,1000.0,1000.0,100.0,70.0,366.0,7000.0,10000.0
361,100.0,100.0,490.0048779995431,2000.0,1000.0,1000.0,100.0,70.0,366.0,7000.0,10000.0
362,100.0,100.0,491.8500508241923,2000.0,1000.0,1000.0,100.0,70.0,366.0,7000.0,10000.0
363,100.0,100.0,509.4074442210791,2000.0,1000.0,1000.0,100.0,70.0,366.0,7000.0,10000.0
364,100.0,100.0,528.0551146989285,2000.0,1000.0,1000.0,100.0,70.0,366.0,7000.0,10000.0
365,100.0,100.0,546.218168666104,2000.0,1000.0,1000.0,100.0,70.0,366.0,7000.0,10000.0
366,100.0,100.0,565.073859823373,2000.0,1000.0,1000.0,100.0,70.0,366.0,7000.0,10000.0
